ReviewID,ProductID,ReviewText,Rating
1,1,Poor quality and overpriced. It is bad.,2
2,8,One star. Waste of money.,1
3,7,Five stars! Will buy again.,5
4,15,Poor quality and overpriced. It is awesome.,2
5,3,This is the best I've used so far.,4
6,2,This is the best I've used so far. It is fantastic.,5
7,6,I am very satisfied with my purchase. It is amazing.,4
8,7,This is the best I've used so far. It is amazing.,5
9,17,Poor quality and overpriced. It is amazing.,2
10,10,I am disappointed with this product. It is amazing.,2
11,14,I am very satisfied with my purchase.,5
12,6,One star. Waste of money.,1
13,1,One star. Waste of money. It is bad.,2
14,3,Do not buy this. Very bad. It is good.,2
15,10,Five stars! Will buy again. It is not great.,4
16,3,Excellent quality and great value.,4
17,12,Do not buy this. Very bad. It is bad.,2
18,6,"Terrible experience, would not recommend.",1
19,1,This is the best I've used so far.,5
20,8,"Terrible experience, would not recommend.",1
21,6,I am disappointed with this product.,2
22,12,Love this product! Highly recommend.,5
23,2,This is the best I've used so far.,5
24,16,Five stars! Will buy again. It is fantastic.,4
25,17,Excellent quality and great value.,4
26,8,I am very satisfied with my purchase. It is fantastic.,5
27,16,Love this product! Highly recommend.,5
28,14,Poor quality and overpriced.,2
29,1,One star. Waste of money. It is terrible.,2
30,19,I am disappointed with this product.,2
31,9,I am disappointed with this product. It is fantastic.,2
32,14,"Terrible experience, would not recommend.",1
33,4,Love this product! Highly recommend. It is mediocre.,5
34,10,Five stars! Will buy again.,5
35,18,One star. Waste of money. It is terrible.,2
36,8,Love this product! Highly recommend. It is mediocre.,4
37,12,One star. Waste of money. It is fantastic.,2
38,2,Do not buy this. Very bad.,2
39,18,This is the best I've used so far. It is amazing.,4
40,19,Do not buy this. Very bad.,1
41,9,Love this product! Highly recommend. It is not great.,5
42,9,I am very satisfied with my purchase.,4
43,13,This is the best I've used so far. It is amazing.,5
44,10,Excellent quality and great value. It is awesome.,4
45,1,Love this product! Highly recommend.,5
46,15,Excellent quality and great value. It is terrible.,5
47,13,Poor quality and overpriced.,2
48,14,Love this product! Highly recommend.,5
49,19,Poor quality and overpriced. It is fantastic.,2
50,11,I am very satisfied with my purchase.,5
51,8,Five stars! Will buy again. It is terrible.,4
52,4,Excellent quality and great value. It is bad.,4
53,8,I am disappointed with this product. It is fantastic.,1
54,9,Love this product! Highly recommend. It is not great.,4
55,4,I am very satisfied with my purchase. It is terrible.,4
56,6,Love this product! Highly recommend.,4
57,11,One star. Waste of money.,2
58,7,Love this product! Highly recommend.,5
59,19,"Terrible experience, would not recommend.",1
60,14,I am disappointed with this product.,1
61,8,Love this product! Highly recommend. It is bad.,4
62,19,Excellent quality and great value. It is fantastic.,5
63,6,"Terrible experience, would not recommend.",1
64,11,Love this product! Highly recommend. It is amazing.,4
65,6,Excellent quality and great value.,4
66,15,This is the best I've used so far. It is not great.,4
67,10,Love this product! Highly recommend.,5
68,14,Five stars! Will buy again.,5
69,18,Do not buy this. Very bad. It is terrible.,2
70,7,Poor quality and overpriced.,2
71,11,I am very satisfied with my purchase. It is fantastic.,4
72,7,I am disappointed with this product.,1
73,8,One star. Waste of money. It is amazing.,2
74,15,This is the best I've used so far. It is amazing.,5
75,2,I am very satisfied with my purchase.,4
76,2,One star. Waste of money. It is good.,2
77,10,One star. Waste of money. It is awesome.,2
78,7,Poor quality and overpriced. It is terrible.,2
79,8,Poor quality and overpriced.,2
80,7,I am disappointed with this product. It is not great.,2
81,15,Five stars! Will buy again.,5
82,1,I am very satisfied with my purchase. It is amazing.,5
83,14,One star. Waste of money.,1
84,10,One star. Waste of money.,1
85,9,One star. Waste of money. It is fantastic.,1
86,15,Do not buy this. Very bad.,1
87,5,"Terrible experience, would not recommend.",2
88,17,Poor quality and overpriced.,1
89,1,I am disappointed with this product.,1
90,4,Five stars! Will buy again.,5
91,10,Do not buy this. Very bad. It is terrible.,2
92,3,Five stars! Will buy again. It is not great.,4
93,12,I am very satisfied with my purchase.,4
94,9,I am very satisfied with my purchase. It is not great.,5
95,9,Five stars! Will buy again.,5
96,3,Five stars! Will buy again. It is good.,5
97,6,Excellent quality and great value. It is terrible.,4
98,19,Five stars! Will buy again. It is terrible.,5
99,8,One star. Waste of money. It is good.,1
100,7,Poor quality and overpriced. It is terrible.,2
101,9,I am disappointed with this product. It is awesome.,2
102,5,Excellent quality and great value.,4
103,19,I am disappointed with this product. It is terrible.,1
104,6,One star. Waste of money. It is not great.,2
105,16,Love this product! Highly recommend.,4
106,17,Five stars! Will buy again.,4
107,15,This is the best I've used so far. It is mediocre.,5
108,8,I am disappointed with this product.,2
109,4,Love this product! Highly recommend.,5
110,9,"Terrible experience, would not recommend.",2
111,13,Five stars! Will buy again. It is amazing.,5
112,2,This is the best I've used so far.,4
113,9,Poor quality and overpriced.,2
114,16,This is the best I've used so far.,4
115,12,I am disappointed with this product.,1
116,15,This is the best I've used so far. It is not great.,4
117,9,I am disappointed with this product. It is fantastic.,2
118,9,One star. Waste of money. It is good.,2
119,19,"Terrible experience, would not recommend. It is mediocre.",2
120,12,Love this product! Highly recommend. It is amazing.,4
121,2,Do not buy this. Very bad.,1
122,17,I am very satisfied with my purchase.,4
123,14,I am very satisfied with my purchase.,5
124,4,Love this product! Highly recommend.,5
125,13,Love this product! Highly recommend. It is not great.,4
126,4,I am very satisfied with my purchase. It is awesome.,4
127,19,Love this product! Highly recommend.,5
128,9,Excellent quality and great value.,5
129,9,Poor quality and overpriced. It is mediocre.,2
130,7,Love this product! Highly recommend.,5
131,19,Love this product! Highly recommend.,4
132,7,I am very satisfied with my purchase. It is fantastic.,5
133,15,Poor quality and overpriced.,2
134,18,Poor quality and overpriced.,2
135,3,Five stars! Will buy again.,5
136,6,Five stars! Will buy again.,4
137,10,I am disappointed with this product.,1
138,12,Five stars! Will buy again.,5
139,2,Do not buy this. Very bad.,2
140,14,Five stars! Will buy again. It is fantastic.,5
141,17,One star. Waste of money.,2
142,19,I am very satisfied with my purchase. It is awesome.,5
143,18,"Terrible experience, would not recommend. It is awesome.",2
144,19,Five stars! Will buy again. It is good.,4
145,13,Do not buy this. Very bad. It is mediocre.,2
146,9,This is the best I've used so far. It is mediocre.,4
147,2,This is the best I've used so far. It is fantastic.,4
148,4,Love this product! Highly recommend. It is mediocre.,4
149,18,I am disappointed with this product. It is fantastic.,1
150,16,Do not buy this. Very bad.,1
151,15,Poor quality and overpriced.,2
152,16,Do not buy this. Very bad. It is amazing.,1
153,2,I am disappointed with this product.,1
154,10,Love this product! Highly recommend. It is good.,5
155,18,Poor quality and overpriced. It is bad.,1
156,7,Poor quality and overpriced. It is amazing.,1
157,17,Poor quality and overpriced. It is amazing.,2
158,8,"Terrible experience, would not recommend. It is awesome.",1
159,3,Excellent quality and great value.,4
160,4,Poor quality and overpriced.,2
161,19,Excellent quality and great value.,4
162,19,One star. Waste of money. It is mediocre.,1
163,14,Five stars! Will buy again. It is terrible.,5
164,12,I am very satisfied with my purchase. It is not great.,4
165,19,Five stars! Will buy again. It is bad.,5
166,18,Five stars! Will buy again.,4
167,18,Love this product! Highly recommend. It is not great.,5
168,12,Love this product! Highly recommend.,5
169,8,Do not buy this. Very bad.,1
170,10,Love this product! Highly recommend. It is amazing.,4
171,18,Do not buy this. Very bad.,1
172,2,Love this product! Highly recommend.,5
173,15,I am disappointed with this product.,2
174,14,One star. Waste of money.,1
175,8,I am very satisfied with my purchase.,5
176,10,Excellent quality and great value. It is terrible.,4
177,2,"Terrible experience, would not recommend.",2
178,3,Poor quality and overpriced. It is good.,2
179,11,Five stars! Will buy again. It is bad.,5
180,4,I am disappointed with this product.,2
181,4,"Terrible experience, would not recommend. It is amazing.",1
182,6,Love this product! Highly recommend. It is fantastic.,4
183,10,Five stars! Will buy again.,4
184,10,Do not buy this. Very bad.,2
185,11,One star. Waste of money.,2
186,16,I am disappointed with this product.,1
187,15,One star. Waste of money. It is amazing.,1
188,15,Excellent quality and great value.,4
189,7,One star. Waste of money.,2
190,8,Five stars! Will buy again.,4
191,4,"Terrible experience, would not recommend.",1
192,1,I am disappointed with this product.,2
193,17,I am very satisfied with my purchase. It is amazing.,5
194,13,Five stars! Will buy again.,5
195,10,Excellent quality and great value.,4
196,17,"Terrible experience, would not recommend.",2
197,17,Love this product! Highly recommend.,5
198,10,This is the best I've used so far.,4
199,18,One star. Waste of money. It is not great.,1
200,3,I am disappointed with this product. It is mediocre.,2
